"Sample_Timestamp","Exec_Mask","Dispatch_Id","Instruction","Instruction_Comment","Correlation_Id"
312932838527478,4294967295,2,"v_add_f32_e32 v0, v0, v2","",2
312932838527478,4294967295,2,"v_add_f32_e32 v0, v0, v2","",2
312932838527518,4294967295,2,"v_add_f32_e32 v0, v0, v2","",2
312932838531518,4294967295,2,"v_add_f32_e32 v0, v0, v2","",2
312932838535118,4294967295,2,"v_add_f32_e32 v0, v0, v2","",2
312932838535158,4294967295,2,"v_add_f32_e32 v0, v0, v2","",2
312932838535158,4294967295,2,"v_add_f32_e32 v0, v0, v2","",2
312932838535198,4294967295,2,"v_add_f32_e32 v0, v0, v2","",2
312932838541278,4294967295,2,"v_add_f32_e32 v0, v0, v2","",2
312932838541278,4294967295,2,"v_add_f32_e32 v0, v0, v2","",2
312932838541318,4294967295,2,"v_add_f32_e32 v0, v0, v2","",2
312932838541318,4294967295,2,"v_add_f32_e32 v0, v0, v2","",2
312932838542598,4294967295,2,"v_add_f32_e32 v0, v0, v2","",2
312932838542598,4294967295,2,"v_add_f32_e32 v0, v0, v2","",2
312932838542598,4294967295,2,"v_add_f32_e32 v0, v0, v2","",2
312932838542638,4294967295,2,"v_add_f32_e32 v0, v0, v2","",2
312932838542598,4294967295,2,"v_add_f32_e32 v0, v0, v2","",2
312932838542598,4294967295,2,"v_add_f32_e32 v0, v0, v2","",2
312932838542598,4294967295,2,"v_add_f32_e32 v0, v0, v2","",2
312932838542638,4294967295,2,"v_add_f32_e32 v0, v0, v2","",2
312932838542638,4294967295,2,"v_add_f32_e32 v0, v0, v2","",2
312932838542638,4294967295,2,"v_add_f32_e32 v0, v0, v2","",2
312932838542638,4294967295,2,"v_add_f32_e32 v0, v0, v2","",2
312932838542638,4294967295,2,"v_add_f32_e32 v0, v0, v2","",2
312932838544198,4294967295,2,"v_add_f32_e32 v0, v0, v2","",2
312932838544198,4294967295,2,"v_add_f32_e32 v0, v0, v2","",2
312932838544238,4294967295,2,"v_add_f32_e32 v0, v0, v2","",2
312932838544238,4294967295,2,"v_add_f32_e32 v0, v0, v2","",2
312932838545918,4294967295,2,"v_add_f32_e32 v0, v0, v2","",2
312932838545998,4294967295,2,"v_add_f32_e32 v0, v0, v2","",2
312932838545958,4294967295,2,"v_add_f32_e32 v0, v0, v2","",2
312932838545958,4294967295,2,"v_add_f32_e32 v0, v0, v2","",2
312932838561518,4294967295,2,"v_add_f32_e32 v0, v0, v2","",2
312932838561558,4294967295,2,"v_add_f32_e32 v0, v0, v2","",2
312932838561558,4294967295,2,"v_add_f32_e32 v0, v0, v2","",2
312932838561598,4294967295,2,"v_add_f32_e32 v0, v0, v2","",2
312932838565718,4294967295,2,"v_add_f32_e32 v0, v0, v2","",2
312932838565758,4294967295,2,"v_add_f32_e32 v0, v0, v2","",2
312932838565758,4294967295,2,"v_add_f32_e32 v0, v0, v2","",2
312932838565798,4294967295,2,"v_add_f32_e32 v0, v0, v2","",2
312932838570878,4294967295,2,"v_add_f32_e32 v0, v0, v2","",2
312932838570878,4294967295,2,"v_add_f32_e32 v0, v0, v2","",2
312932838570918,4294967295,2,"v_add_f32_e32 v0, v0, v2","",2
312932838570918,4294967295,2,"v_add_f32_e32 v0, v0, v2","",2
312932838573638,4294967295,2,"v_add_f32_e32 v0, v0, v2","",2
312932838573678,4294967295,2,"v_add_f32_e32 v0, v0, v2","",2
312932838573718,4294967295,2,"v_add_f32_e32 v0, v0, v2","",2
312932838573678,4294967295,2,"v_add_f32_e32 v0, v0, v2","",2
312932838578598,4294967295,2,"v_add_f32_e32 v0, v0, v2","",2
312932838578598,4294967295,2,"v_add_f32_e32 v0, v0, v2","",2
312932838578598,4294967295,2,"v_add_f32_e32 v0, v0, v2","",2
312932838578638,4294967295,2,"v_add_f32_e32 v0, v0, v2","",2
312932838577118,4294967295,2,"v_add_f32_e32 v0, v0, v2","",2
312932838577158,4294967295,2,"v_add_f32_e32 v0, v0, v2","",2
312932838577158,4294967295,2,"v_add_f32_e32 v0, v0, v2","",2
312932838577198,4294967295,2,"v_add_f32_e32 v0, v0, v2","",2
312932838579079,4294967295,2,"v_add_f32_e32 v0, v0, v2","",2
312932838579119,4294967295,2,"v_add_f32_e32 v0, v0, v2","",2
312932838579119,4294967295,2,"v_add_f32_e32 v0, v0, v2","",2
312932838579159,4294967295,2,"v_add_f32_e32 v0, v0, v2","",2
312932838585679,4294967295,2,"v_add_f32_e32 v0, v0, v2","",2
312932838584399,4294967295,2,"v_add_f32_e32 v0, v0, v2","",2
312932838584399,4294967295,2,"v_add_f32_e32 v0, v0, v2","",2
312932838584439,4294967295,2,"v_add_f32_e32 v0, v0, v2","",2
312932838584439,4294967295,2,"v_add_f32_e32 v0, v0, v2","",2
312932838585679,4294967295,2,"v_add_f32_e32 v0, v0, v2","",2
312932838585679,4294967295,2,"v_add_f32_e32 v0, v0, v2","",2
312932838585719,4294967295,2,"v_add_f32_e32 v0, v0, v2","",2
312932838585719,4294967295,2,"v_add_f32_e32 v0, v0, v2","",2
312932838585679,4294967295,2,"v_add_f32_e32 v0, v0, v2","",2
312932838585679,4294967295,2,"v_add_f32_e32 v0, v0, v2","",2
312932838585719,4294967295,2,"v_add_f32_e32 v0, v0, v2","",2
312932838585719,4294967295,2,"v_add_f32_e32 v0, v0, v2","",2
312932838587479,4294967295,2,"v_add_f32_e32 v0, v0, v2","",2
312932838587479,4294967295,2,"v_add_f32_e32 v0, v0, v2","",2
312932838587519,4294967295,2,"v_add_f32_e32 v0, v0, v2","",2
312932838587519,4294967295,2,"v_add_f32_e32 v0, v0, v2","",2
312932838585679,4294967295,2,"v_add_f32_e32 v0, v0, v2","",2
312932838587479,4294967295,2,"v_add_f32_e32 v0, v0, v2","",2
312932838587479,4294967295,2,"v_add_f32_e32 v0, v0, v2","",2
312932838587519,4294967295,2,"v_add_f32_e32 v0, v0, v2","",2
312932838587519,4294967295,2,"v_add_f32_e32 v0, v0, v2","",2
312932838585719,4294967295,2,"v_add_f32_e32 v0, v0, v2","",2
312932838585719,4294967295,2,"v_add_f32_e32 v0, v0, v2","",2
312932838588839,4294967295,2,"v_add_f32_e32 v0, v0, v2","",2
312932838595279,4294967295,2,"v_add_f32_e32 v0, v0, v2","",2
312932838595279,4294967295,2,"v_add_f32_e32 v0, v0, v2","",2
312932838595319,4294967295,2,"v_add_f32_e32 v0, v0, v2","",2
312932838595319,4294967295,2,"v_add_f32_e32 v0, v0, v2","",2
312932838595279,4294967295,2,"v_add_f32_e32 v0, v0, v2","",2
312932838595279,4294967295,2,"v_add_f32_e32 v0, v0, v2","",2
312932838595319,4294967295,2,"v_add_f32_e32 v0, v0, v2","",2
312932838595319,4294967295,2,"v_add_f32_e32 v0, v0, v2","",2
312932838595279,4294967295,2,"v_add_f32_e32 v0, v0, v2","",2
312932838595319,4294967295,2,"v_add_f32_e32 v0, v0, v2","",2
312932838595319,4294967295,2,"v_add_f32_e32 v0, v0, v2","",2
312932838595319,4294967295,2,"v_add_f32_e32 v0, v0, v2","",2
312932838595279,4294967295,2,"v_add_f32_e32 v0, v0, v2","",2
312932838595319,4294967295,2,"v_add_f32_e32 v0, v0, v2","",2
312932838595319,4294967295,2,"v_add_f32_e32 v0, v0, v2","",2
312932838595319,4294967295,2,"v_add_f32_e32 v0, v0, v2","",2
312932838596959,4294967295,2,"v_add_f32_e32 v0, v0, v2","",2
312932838596879,4294967295,2,"v_add_f32_e32 v0, v0, v2","",2
312932838596919,4294967295,2,"v_add_f32_e32 v0, v0, v2","",2
312932838596919,4294967295,2,"v_add_f32_e32 v0, v0, v2","",2
312932838588879,4294967295,2,"v_add_f32_e32 v0, v0, v2","",2
312932838588879,4294967295,2,"v_add_f32_e32 v0, v0, v2","",2
312932838588919,4294967295,2,"v_add_f32_e32 v0, v0, v2","",2
312932838608559,4294967295,2,"v_add_f32_e32 v0, v0, v2","",2
312932838608559,4294967295,2,"v_add_f32_e32 v0, v0, v2","",2
312932838608599,4294967295,2,"v_add_f32_e32 v0, v0, v2","",2
312932838608599,4294967295,2,"v_add_f32_e32 v0, v0, v2","",2
312932838614679,4294967295,2,"v_add_f32_e32 v0, v0, v2","",2
312932838614719,4294967295,2,"v_add_f32_e32 v0, v0, v2","",2
312932838614719,4294967295,2,"v_add_f32_e32 v0, v0, v2","",2
312932838614759,4294967295,2,"v_add_f32_e32 v0, v0, v2","",2
312932838620719,4294967295,2,"v_add_f32_e32 v0, v0, v2","",2
312932838620759,4294967295,2,"v_add_f32_e32 v0, v0, v2","",2
312932838620759,4294967295,2,"v_add_f32_e32 v0, v0, v2","",2
312932838620799,4294967295,2,"v_add_f32_e32 v0, v0, v2","",2
312932838625279,4294967295,2,"v_add_f32_e32 v0, v0, v2","",2
312932838625279,4294967295,2,"v_add_f32_e32 v0, v0, v2","",2
312932838625319,4294967295,2,"v_add_f32_e32 v0, v0, v2","",2
312932838625319,4294967295,2,"v_add_f32_e32 v0, v0, v2","",2
312932838633679,4294967295,2,"v_add_f32_e32 v0, v0, v2","",2
312932838633679,4294967295,2,"v_add_f32_e32 v0, v0, v2","",2
312932838633719,4294967295,2,"v_add_f32_e32 v0, v0, v2","",2
312932838633719,4294967295,2,"v_add_f32_e32 v0, v0, v2","",2
312932838988402,4294967295,2,"v_add_f32_e32 v0, v0, v2","",2
312932838988762,4294967295,2,"v_add_f32_e32 v0, v0, v2","",2
312932838991282,4294967295,2,"v_add_f32_e32 v0, v0, v2","",2
312932838992282,4294967295,2,"v_add_f32_e32 v0, v0, v2","",2
312932838992762,4294967295,2,"v_add_f32_e32 v0, v0, v2","",2
312932838994162,4294967295,2,"v_add_f32_e32 v0, v0, v2","",2
312932838994602,4294967295,2,"v_add_f32_e32 v0, v0, v2","",2
312932838995242,4294967295,2,"v_add_f32_e32 v0, v0, v2","",2
312932838995882,4294967295,2,"v_add_f32_e32 v0, v0, v2","",2
312932838996762,4294967295,2,"v_add_f32_e32 v0, v0, v2","",2
312932838997563,4294967295,2,"v_add_f32_e32 v0, v0, v2","",2
312932838998483,4294967295,2,"v_add_f32_e32 v0, v0, v2","",2
312932838998923,4294967295,2,"v_add_f32_e32 v0, v0, v2","",2
312932838999523,4294967295,2,"v_add_f32_e32 v0, v0, v2","",2
312932838999883,4294967295,2,"v_add_f32_e32 v0, v0, v2","",2
312932839000283,4294967295,2,"v_add_f32_e32 v0, v0, v2","",2
312932839000643,4294967295,2,"v_add_f32_e32 v0, v0, v2","",2
312932839001923,4294967295,2,"v_add_f32_e32 v0, v0, v2","",2
312932839002323,4294967295,2,"v_add_f32_e32 v0, v0, v2","",2
312932839002723,4294967295,2,"v_add_f32_e32 v0, v0, v2","",2
312932839003083,4294967295,2,"v_add_f32_e32 v0, v0, v2","",2
312932839003523,4294967295,2,"v_add_f32_e32 v0, v0, v2","",2
312932839003883,4294967295,2,"v_add_f32_e32 v0, v0, v2","",2
312932839004923,4294967295,2,"v_add_f32_e32 v0, v0, v2","",2
312932839005323,4294967295,2,"v_add_f32_e32 v0, v0, v2","",2
312932839005723,4294967295,2,"v_add_f32_e32 v0, v0, v2","",2
312932839006483,4294967295,2,"v_add_f32_e32 v0, v0, v2","",2
312932839006883,4294967295,2,"v_add_f32_e32 v0, v0, v2","",2
312932839007283,4294967295,2,"v_add_f32_e32 v0, v0, v2","",2
312932839007643,4294967295,2,"v_add_f32_e32 v0, v0, v2","",2
312932839008043,4294967295,2,"v_add_f32_e32 v0, v0, v2","",2
312932839008603,4294967295,2,"v_add_f32_e32 v0, v0, v2","",2
312932839009203,4294967295,2,"v_add_f32_e32 v0, v0, v2","",2
312932839009683,4294967295,2,"v_add_f32_e32 v0, v0, v2","",2
312932839011963,4294967295,2,"v_add_f32_e32 v0, v0, v2","",2
312932839012723,4294967295,2,"v_add_f32_e32 v0, v0, v2","",2
312932839014003,4294967295,2,"v_add_f32_e32 v0, v0, v2","",2
312932839014803,4294967295,2,"v_add_f32_e32 v0, v0, v2","",2
312932839015163,4294967295,2,"v_add_f32_e32 v0, v0, v2","",2
312932839015843,4294967295,2,"v_add_f32_e32 v0, v0, v2","",2
312932839016683,4294967295,2,"v_add_f32_e32 v0, v0, v2","",2
312932839017803,4294967295,2,"v_add_f32_e32 v0, v0, v2","",2
312932839019283,4294967295,2,"v_add_f32_e32 v0, v0, v2","",2
312932839019683,4294967295,2,"v_add_f32_e32 v0, v0, v2","",2
312932839020803,4294967295,2,"v_add_f32_e32 v0, v0, v2","",2
312932839021523,4294967295,2,"v_add_f32_e32 v0, v0, v2","",2
312932839023483,4294967295,2,"v_add_f32_e32 v0, v0, v2","",2
312932839026723,4294967295,2,"v_add_f32_e32 v0, v0, v2","",2
312932839027443,4294967295,2,"v_add_f32_e32 v0, v0, v2","",2
312932839027883,4294967295,2,"v_add_f32_e32 v0, v0, v2","",2
312932839028443,4294967295,2,"v_add_f32_e32 v0, v0, v2","",2
312932839029003,4294967295,2,"v_add_f32_e32 v0, v0, v2","",2
312932839521168,4294967295,2,"v_add_f32_e32 v0, v0, v2","",2
312932839521768,4294967295,2,"v_add_f32_e32 v0, v0, v2","",2
312932839522488,4294967295,2,"v_add_f32_e32 v0, v0, v2","",2
312932839523368,4294967295,2,"v_add_f32_e32 v0, v0, v2","",2
312932839523888,4294967295,2,"v_add_f32_e32 v0, v0, v2","",2
312932839524368,4294967295,2,"v_add_f32_e32 v0, v0, v2","",2
312932839525008,4294967295,2,"v_add_f32_e32 v0, v0, v2","",2
312932839525928,4294967295,2,"v_add_f32_e32 v0, v0, v2","",2
312932839526408,4294967295,2,"v_add_f32_e32 v0, v0, v2","",2
312932839526968,4294967295,2,"v_add_f32_e32 v0, v0, v2","",2
312932839527928,4294967295,2,"v_add_f32_e32 v0, v0, v2","",2
312932839528288,4294967295,2,"v_add_f32_e32 v0, v0, v2","",2
312932839528888,4294967295,2,"v_add_f32_e32 v0, v0, v2","",2
312932839529328,4294967295,2,"v_add_f32_e32 v0, v0, v2","",2
312932839529808,4294967295,2,"v_add_f32_e32 v0, v0, v2","",2
312932839530408,4294967295,2,"v_add_f32_e32 v0, v0, v2","",2
312932839530808,4294967295,2,"v_add_f32_e32 v0, v0, v2","",2
312932839531248,4294967295,2,"v_add_f32_e32 v0, v0, v2","",2
312932839531608,4294967295,2,"v_add_f32_e32 v0, v0, v2","",2
312932839531968,4294967295,2,"v_add_f32_e32 v0, v0, v2","",2
